﻿GER,Nome,Como executar,Descanso,Progresso
"GER10","Backoff set","Após 1x4-8 de trabalho, reduza 20/30% da carga e faça 1 série até a falha técnica.","2:00 entre séries; backoff contínuo","Iguale ou supere as reps do último backoff mantendo técnica."
"GER11","Muscle round","Carga para ~12 reps. Faça blocos de 4 reps com 10s entre blocos. Busque falhar no 4º bloco. Ao consolidar 5 blocos, aumente a carga para voltar a falhar no 4º.","10s entre blocos","Aumente carga quando completar 5 blocos sólidos."
"GER12","Rest-pause","Carga para ~8 reps. Vá à falha técnica, descanse 20s e faça mais reps até falha. Descanse 20s e repita até falha.","20s entre mini-blocos","Aumente carga quando o 1º bloco chegar a 11-12 reps."
"GER13","Pulse set","5 reps completas + 5 parciais; 4 completas + 5 parciais; 3 completas + 5 parciais; 2 completas + 5 parciais; 1 completa + parciais até falha.","2:00 após sequência","Quando muito confortável na sequência, aumente levemente a carga."
"GER14","Cluster set","Carga para 8-10 reps. Faça 4 blocos de 4 reps com 20s entre blocos.","20s entre blocos","Aumente carga ao consolidar 4x4 com boa técnica."